<?xml version="1.0" encoding="utf-8"?>
<Learnmap xmlns:xsi="http://www.w3.org/2001/XMLSchema-instance" xmlns:xsd="http://www.w3.org/2001/XMLSchema" IsClassMap="true" ShowProgressQuestionOrientated="true" xmlns="http://www.cpandl.com">
  <title>Auswahlverfahren</title>
  <color />
  <Workings>
    <WorkingItem>
      <link>Auswahlverfahren\\Abtestungen\\Grundlagentests\\Erprobung des Allgemeinwissens</link>
      <test />
      <version>1.0.0.0</version>
    </WorkingItem>
  </Workings>
  <Users>
    <string>mair-fellnersa</string>
    <string>niedermeyerfr</string>
    <string>oberhuberot</string>
    <string>najselpe</string>
    <string>fuehrerth</string>
    <string>mairfr</string>
  </Users>
  <Tests>
    <TestItem>
      <title>FinalTest</title>
      <randomChoose>true</randomChoose>
      <questionCount>0</questionCount>
      <trialCount>5</trialCount>
      <successLevel>85</successLevel>
      <type>Final</type>
      <questionnare />
      <testAlwaysAllowed>true</testAlwaysAllowed>
    </TestItem>
  </Tests>
  <IsModified>false</IsModified>
</Learnmap>